-- phpMyAdmin SQL Dump
-- version 5.0.2
-- https://www.phpmyadmin.net/
--
-- Хост: 127.0.0.1:3306
-- Время создания: Мар 09 2021 г., 10:51
-- Версия сервера: 5.7.29
-- Версия PHP: 7.4.5

SET SQL_MODE = "NO_AUTO_VALUE_ON_ZERO";
START TRANSACTION;
SET time_zone = "+00:00";


/*!40101 SET @OLD_CHARACTER_SET_CLIENT=@@CHARACTER_SET_CLIENT */;
/*!40101 SET @OLD_CHARACTER_SET_RESULTS=@@CHARACTER_SET_RESULTS */;
/*!40101 SET @OLD_COLLATION_CONNECTION=@@COLLATION_CONNECTION */;
/*!40101 SET NAMES utf8mb4 */;

--
-- База данных: `requests`
--

-- --------------------------------------------------------

--
-- Структура таблицы `corp`
--

CREATE TABLE `corp` (
  `id` int(11) NOT NULL,
  `name` varchar(15) NOT NULL
) ENGINE=InnoDB DEFAULT CHARSET=utf8mb4;

--
-- Дамп данных таблицы `corp`
--

INSERT INTO `corp` (`id`, `name`) VALUES
(1, 'А'),
(2, 'Б'),
(3, 'В'),
(4, 'Г'),
(5, 'Ф'),
(6, 'К'),
(7, 'К9'),
(8, 'М'),
(9, 'С'),
(10, 'Общежития'),
(11, 'O1'),
(12, 'O2'),
(13, 'O3'),
(14, 'O4'),
(15, 'O5');

-- --------------------------------------------------------

--
-- Структура таблицы `request`
--

CREATE TABLE `request` (
  `id` int(11) NOT NULL,
  `fio` varchar(100) NOT NULL,
  `phone` varchar(20) NOT NULL,
  `corp_id` int(11) NOT NULL,
  `cabinet` varchar(5) NOT NULL,
  `type_id` int(11) NOT NULL,
  `description` text NOT NULL,
  `date` timestamp NOT NULL DEFAULT CURRENT_TIMESTAMP,
  `user_id` int(11) DEFAULT '0',
  `status` int(11) NOT NULL DEFAULT '1'
) ENGINE=InnoDB DEFAULT CHARSET=utf8mb4;

--
-- Дамп данных таблицы `request`
--

INSERT INTO `request` (`id`, `fio`, `phone`, `corp_id`, `cabinet`, `type_id`, `description`, `date`, `user_id`, `status`) VALUES
(29, 'Бирюков Иван', '8(918) 077-2464', 2, '301', 6, 'Работа с формами\r\nСейчас мы поговорим о различных приемах работы сценариев JavaScript с HTML-формами.\r\n\r\nЕсли в HTML-документе определена форма, то она доступна сценарию JavaScript как объект, входящий в объект document с именем, заданным атрибутом NAME тега FORM.\r\n\r\nСвойства форм\r\nФорма имеет два набора свойств, состав одного из которых фиксированный, а состав другого зависит от того, какие элементы определены в форме.', '2021-03-04 10:18:26', 0, 1),
(55, 'Бирюков Иван', '8(912) 389-23-48', 2, '45345', 4, '123', '2021-03-04 11:59:30', 0, 1),
(56, 'Бирюков Иван', '8(912) 389-23-48', 1, '301', 2, '123', '2021-03-04 12:00:47', 0, 1),
(57, 'Бирюков Иван', '8(791) 807-72-46', 2, '301', 1, '123', '2021-03-04 12:03:07', 0, 1),
(58, 'Бирюков Иван', '8(791) 807-72-46', 2, '301', 1, '123', '2021-03-04 12:09:19', 0, 1),
(59, 'Бирюков Иван', '8(791) 807-72-46', 2, '123', 2, '12', '2021-03-04 12:09:28', 0, 1),
(60, 'Бирюков Иван', '8(791) 807-72-46', 2, '123', 2, '12', '2021-03-04 12:15:17', 0, 1),
(61, 'Бирюков Иван', '8(791) 807-72-46', 3, '301', 1, '123', '2021-03-04 12:15:25', 0, 1),
(62, 'Бирюков Иван', '8(912) 389-23-48', 1, '301', 1, '324', '2021-03-04 12:20:51', 0, 1),
(63, 'Бирюков Иван', '8(912) 389-23-48', 2, '123', 1, '123', '2021-03-04 12:22:45', 0, 1),
(64, 'Бирюков Иван', '8(912) 389-23-48', 2, '123', 1, '123', '2021-03-04 12:24:52', 0, 1),
(65, 'Бирюков Иван', '8(912) 389-23-48', 2, '123', 1, '123', '2021-03-04 12:25:10', 0, 1),
(66, 'Бирюков Иван', '8(912) 389-23-48', 2, '123', 1, '123', '2021-03-04 12:25:21', 0, 1),
(67, 'Бирюков Иван', '8(912) 389-23-48', 2, '123', 1, '123', '2021-03-04 12:28:47', 0, 1),
(68, 'Бирюков Иван', '8(912) 389-23-48', 2, '123', 1, '123', '2021-03-04 12:29:12', 0, 1),
(69, 'Бирюков Иван', '8(912) 389-23-48', 2, '123', 1, '123', '2021-03-04 12:29:34', 0, 1),
(70, 'Бирюков Иван', '8(912) 389-23-48', 2, '123', 1, '123', '2021-03-04 12:29:42', 0, 1),
(71, 'Бирюков Иван', '8(912) 389-23-48', 2, '123', 1, '123', '2021-03-04 12:30:51', 0, 1),
(72, 'Бирюков Иван', '8(912) 389-23-48', 2, '123', 1, '123', '2021-03-04 12:31:00', 0, 1),
(73, 'Бирюков Иван', '8(912) 389-23-48', 2, '123', 1, '123', '2021-03-04 12:31:43', 0, 1),
(74, 'Бирюков Иван', '8(912) 389-23-48', 2, '123', 1, '123', '2021-03-04 12:31:46', 0, 1),
(75, 'Бирюков Иван', '8(912) 389-23-48', 2, '301', 2, '213', '2021-03-04 12:32:00', 0, 1),
(76, 'Бирюков Иван', '8(912) 389-23-48', 2, '301', 2, '213', '2021-03-04 12:37:42', 0, 1),
(77, 'Бирюков Иван', '8(912) 389-23-48', 2, '301', 2, '213', '2021-03-04 12:40:30', 0, 1),
(78, 'Бирюков Иван', '8(912) 389-23-48', 2, '301', 2, '213', '2021-03-04 13:07:04', 0, 1),
(79, 'Бирюков Иван', '8(912) 389-23-48', 2, '301', 2, '213', '2021-03-04 13:08:38', 0, 1),
(80, 'Бирюков Иван', '8(912) 389-23-48', 2, '301', 2, '213', '2021-03-04 13:08:44', 0, 1),
(81, 'Бирюков Иван', '8(912) 389-23-48', 2, '301', 2, '213', '2021-03-04 13:09:46', 0, 1),
(82, 'Бирюков Иван', '8(912) 389-23-48', 2, '123', 2, '123', '2021-03-04 13:09:59', 0, 1);

-- --------------------------------------------------------

--
-- Структура таблицы `status`
--

CREATE TABLE `status` (
  `id` int(11) NOT NULL,
  `name` varchar(20) NOT NULL
) ENGINE=InnoDB DEFAULT CHARSET=utf8mb4;

--
-- Дамп данных таблицы `status`
--

INSERT INTO `status` (`id`, `name`) VALUES
(1, 'Вобработке'),
(2, 'Обработано');

-- --------------------------------------------------------

--
-- Структура таблицы `type`
--

CREATE TABLE `type` (
  `id` int(11) NOT NULL,
  `name` varchar(255) NOT NULL
) ENGINE=InnoDB DEFAULT CHARSET=utf8mb4;

--
-- Дамп данных таблицы `type`
--

INSERT INTO `type` (`id`, `name`) VALUES
(1, 'Не включается компьютер'),
(2, 'Не работает интернет'),
(3, 'Не работает АСУ_ВУЗ'),
(4, 'Проблемы с электронной кафедрой'),
(5, 'Проблемы с принтером '),
(6, 'Проблемы с другой техникой'),
(7, 'Другая проблема');

-- --------------------------------------------------------

--
-- Структура таблицы `user`
--

CREATE TABLE `user` (
  `id` int(11) NOT NULL,
  `fio` varchar(100) NOT NULL,
  `login` varchar(20) NOT NULL,
  `password` varchar(20) NOT NULL,
  `isadmin` tinyint(1) DEFAULT '0'
) ENGINE=InnoDB DEFAULT CHARSET=utf8mb4;

--
-- Дамп данных таблицы `user`
--

INSERT INTO `user` (`id`, `fio`, `login`, `password`, `isadmin`) VALUES
(1, 'Бирюков Иван Александрович', 'БирюковИА', '123', 1);

--
-- Индексы сохранённых таблиц
--

--
-- Индексы таблицы `corp`
--
ALTER TABLE `corp`
  ADD PRIMARY KEY (`id`);

--
-- Индексы таблицы `request`
--
ALTER TABLE `request`
  ADD PRIMARY KEY (`id`);

--
-- Индексы таблицы `status`
--
ALTER TABLE `status`
  ADD PRIMARY KEY (`id`);

--
-- Индексы таблицы `type`
--
ALTER TABLE `type`
  ADD PRIMARY KEY (`id`);

--
-- Индексы таблицы `user`
--
ALTER TABLE `user`
  ADD PRIMARY KEY (`id`);

--
-- AUTO_INCREMENT для сохранённых таблиц
--

--
-- AUTO_INCREMENT для таблицы `corp`
--
ALTER TABLE `corp`
  MODIFY `id` int(11) NOT NULL AUTO_INCREMENT, AUTO_INCREMENT=16;

--
-- AUTO_INCREMENT для таблицы `request`
--
ALTER TABLE `request`
  MODIFY `id` int(11) NOT NULL AUTO_INCREMENT, AUTO_INCREMENT=83;

--
-- AUTO_INCREMENT для таблицы `status`
--
ALTER TABLE `status`
  MODIFY `id` int(11) NOT NULL AUTO_INCREMENT, AUTO_INCREMENT=3;

--
-- AUTO_INCREMENT для таблицы `type`
--
ALTER TABLE `type`
  MODIFY `id` int(11) NOT NULL AUTO_INCREMENT, AUTO_INCREMENT=8;

--
-- AUTO_INCREMENT для таблицы `user`
--
ALTER TABLE `user`
  MODIFY `id` int(11) NOT NULL AUTO_INCREMENT, AUTO_INCREMENT=2;
COMMIT;

/*!40101 SET CHARACTER_SET_CLIENT=@OLD_CHARACTER_SET_CLIENT */;
/*!40101 SET CHARACTER_SET_RESULTS=@OLD_CHARACTER_SET_RESULTS */;
/*!40101 SET COLLATION_CONNECTION=@OLD_COLLATION_CONNECTION */;
